Zila,Janpad,Upyantri,Sanction Works,Sanctioned cost(lakhs),Work achievement score(max 25),Target wage Amount (lakh),Total Wage expenditure(lakhs),Wage expenditure Achievement (max 50),Target Mat Amount (lakh),Total material expenditure (lakh),Material expenditure achievement (max 25),Average work cost (lakh),Previous Mandays,Current Mandays,Total Mandays,0 zero mandays work of current year,more than zero mandays work of current year,Material booked previous year (lakh),Material booked current year (lakh),Overall Achievement,Total Score (100),Upyantri Janpad rank,District Rank
MAIHAR,RAMNAGAR,श्रीमती साधना सिंह,27,48.97,23.28,20.29,1.55,3.83,28.64,5.54,4.84,1.81,518,84,602,24,3,5.54,0.0,31.94,31.94,1,1
SATNA,MAJHGAWAN,अखिलेश सोनी अति0,19,40.18,16.38,16.31,2.8,8.57,23.83,4.1,4.3,2.11,1071,72,1143,18,1,4.1,0.0,29.26,29.26,1,2
MAIHAR,RAMNAGAR,राजा राम चंदेल,29,50.4,25.0,20.69,0.69,1.68,29.67,2.08,1.75,1.74,266,0,266,29,0,2.08,0.0,28.43,28.43,2,3
SATNA,NAGOD,संकल्प राणा,17,32.24,14.66,12.74,2.68,10.52,19.47,2.49,3.2,1.9,1262,0,1262,17,0,2.49,0.0,28.37,28.37,1,4
SATNA,RAMPUR BAGHELAN,मनोज खम्परिया,9,22.82,7.76,9.72,1.8,9.28,13.08,5.82,11.13,2.54,722,0,722,9,0,5.82,0.0,28.16,28.16,1,5
MAIHAR,AMARPATAN,सत्यनारायण मिश्रा,27,58.31,23.28,23.95,1.61,3.36,34.31,1.59,1.16,2.16,644,27,671,24,3,1.59,0.0,27.79,27.79,1,6
SATNA,UNCHAHARA,हरनाम  सिंह,19,40.4,16.38,16.69,1.49,4.46,23.68,6.25,6.6,2.13,576,0,576,19,0,6.25,0.0,27.44,27.44,1,7
SATNA,NAGOD,कौशल पटेल,20,38.98,17.24,15.49,1.55,5.02,23.45,4.48,4.78,1.95,855,7,862,19,1,4.48,0.0,27.04,27.04,2,8
SATNA,UNCHAHARA,राज कुमार पाण्डेय अति 0,23,41.94,19.83,16.81,0.38,1.13,25.09,5.88,5.86,1.82,149,19,168,15,8,5.88,0.0,26.82,26.82,2,9
SATNA,UNCHAHARA,राकेश ताम्रकार,16,30.22,13.79,13.41,1.11,4.16,16.78,5.71,8.51,1.89,548,0,548,16,0,5.71,0.0,26.46,26.46,3,10
SATNA,MAJHGAWAN,रमाकांत त्रिपाठी,11,23.47,9.48,9.63,1.9,9.89,13.82,3.91,7.08,2.13,730,10,740,10,1,3.91,0.0,26.45,26.45,2,11
MAIHAR,AMARPATAN,अश्वनी पटेल,21,44.74,18.1,18.42,2.05,5.56,26.28,2.89,2.75,2.13,808,132,940,16,5,2.89,0.0,26.42,26.42,2,12
MAIHAR,AMARPATAN,श्रीमती साधना चौरे,25,45.89,21.55,17.98,0.66,1.84,27.86,2.78,2.49,1.84,270,0,270,25,0,2.78,0.0,25.88,25.88,3,13
SATNA,NAGOD,कौशल पटेल अति0,16,29.99,13.79,11.86,1.43,6.01,18.1,4.13,5.7,1.87,903,30,933,14,2,4.13,0.0,25.51,25.51,3,14
MAIHAR,RAMNAGAR,राजा राम चंदेल अति0,21,35.29,18.1,14.6,0.62,2.14,20.66,4.12,4.98,1.68,239,0,239,21,0,4.12,0.0,25.22,25.22,3,15
SATNA,NAGOD,राजीवलोचन त्रिपाठी,10,20.95,8.62,8.44,1.21,7.15,12.49,4.15,8.3,2.1,507,14,521,9,1,4.15,0.0,24.07,24.07,4,16
SATNA,NAGOD,हेमंत तिवारी,9,19.67,7.76,8.7,1.75,10.07,10.95,2.72,6.22,2.19,719,0,719,9,0,2.72,0.0,24.04,24.04,5,17
SATNA,RAMPUR BAGHELAN,अजय खरे,1,1.48,0.86,0.59,0.19,16.08,0.89,0.22,6.23,1.48,76,0,76,1,0,0.22,0.0,23.17,23.17,2,18
SATNA,UNCHAHARA,दीपक सिंह,21,37.8,18.1,15.0,0.46,1.54,22.76,2.6,2.85,1.8,216,0,216,21,0,2.6,0.0,22.5,22.5,4,19
SATNA,NAGOD,रितेश राजपूत,11,19.57,9.48,7.67,1.17,7.65,11.89,2.48,5.21,1.78,480,0,480,11,0,2.48,0.0,22.35,22.35,6,20
SATNA,MAJHGAWAN,आशीष तिवारी अति0,18,47.6,15.52,19.66,1.31,3.33,27.9,2.17,1.95,2.64,600,0,600,18,0,2.17,0.0,20.79,20.79,3,21
SATNA,UNCHAHARA,राकेश ताम्रकार अति0,11,20.81,9.48,10.29,0.35,1.7,10.5,3.82,9.1,1.89,162,1,163,10,1,3.82,0.0,20.28,20.28,5,22
SATNA,SATNA,व्‍ही0के0मिश्रा,18,33.52,15.52,13.56,0.74,2.74,19.92,1.58,1.99,1.86,385,0,385,18,0,1.58,0.0,20.24,20.24,1,23
SATNA,SATNA,कुलदीप पयासी,17,30.94,14.66,12.35,0.8,3.24,18.56,1.58,2.13,1.82,331,0,331,17,0,1.58,0.0,20.02,20.02,2,24
MAIHAR,RAMNAGAR,संजय गुप्ता,15,32.54,12.93,14.56,1.02,3.49,17.96,1.96,2.72,2.17,389,0,389,15,0,1.96,0.0,19.14,19.14,4,25
SATNA,RAMPUR BAGHELAN,मनोज खम्परिया अति0,20,43.76,17.24,18.52,0.54,1.46,25.21,0.0,0.0,2.19,164,45,209,18,2,0.0,0.0,18.71,18.71,3,26
SATNA,RAMPUR BAGHELAN,भूपेन्द्र सिंह संविदा,10,19.44,8.62,8.12,0.98,6.04,11.3,1.64,3.63,1.94,373,20,393,9,1,1.64,0.0,18.29,18.29,4,27
MAIHAR,RAMNAGAR,अनिल पाण्डेय,14,21.07,12.07,8.88,0.47,2.63,12.17,1.69,3.47,1.5,179,0,179,14,0,1.69,0.0,18.17,18.17,5,28
SATNA,SATNA,व्हीके मिश्रा अति0,16,30.29,13.79,12.22,0.51,2.09,18.04,1.04,1.44,1.89,213,0,213,16,0,1.04,0.0,17.33,17.33,3,29
SATNA,SATNA,महेन्‍द्र पारधी,14,25.76,12.07,10.01,0.54,2.69,15.72,1.54,2.45,1.84,207,0,207,14,0,1.54,0.0,17.22,17.22,4,30
MAIHAR,MAIHAR,राजा भैया सिंह,15,29.74,12.93,12.28,0.42,1.72,17.43,1.73,2.48,1.98,320,10,330,14,1,1.73,0.0,17.14,17.14,1,31
SATNA,SATNA,संजय पाण्डेय,14,24.86,12.07,10.45,0.68,3.24,14.38,0.93,1.62,1.78,464,1,465,13,1,0.93,0.0,16.94,16.94,5,32
MAIHAR,MAIHAR,जय अर्खेल,4,7.69,3.45,3.17,0.23,3.65,4.51,1.75,9.71,1.92,87,2,89,3,1,1.75,0.0,16.81,16.81,2,33
SATNA,MAJHGAWAN,आशीष तिवारी,11,23.53,9.48,9.63,0.62,3.23,13.88,2.11,3.79,2.14,185,58,243,9,2,2.11,0.0,16.51,16.51,4,34
MAIHAR,MAIHAR,बृजेश सिंह,14,29.74,12.07,12.23,0.41,1.69,17.48,1.64,2.35,2.12,201,0,201,14,0,1.64,0.0,16.11,16.11,3,35
SATNA,NAGOD,प्रमोद तिवारी,11,20.01,9.48,7.83,0.66,4.19,12.16,0.83,1.7,1.82,261,0,261,11,0,0.83,0.0,15.37,15.37,7,36
SATNA,UNCHAHARA,राज कुमार पाण्डेय,8,16.43,6.9,6.74,0.15,1.11,9.67,2.71,7.02,2.05,80,0,80,8,0,2.71,0.0,15.02,15.02,6,37
SATNA,RAMPUR BAGHELAN,प्रमोद शुक्ला अति0,11,18.98,9.48,7.83,0.07,0.42,11.12,2.11,4.74,1.73,33,0,33,11,0,2.11,0.0,14.63,14.63,5,38
MAIHAR,MAIHAR,श्रीमती मीना अग्रवाल,10,18.8,8.62,8.89,0.65,3.64,9.89,0.87,2.21,1.88,336,6,342,9,1,0.87,0.0,14.47,14.47,4,39
MAIHAR,AMARPATAN,अनिल पटेल,15,34.71,12.93,14.57,0.17,0.59,20.11,0.76,0.95,2.31,85,0,85,15,0,0.76,0.0,14.47,14.47,4,40
SATNA,NAGOD,निशा तिवारी,8,15.91,6.9,6.63,0.79,5.93,9.26,0.59,1.59,1.99,346,0,346,8,0,0.59,0.0,14.42,14.42,8,41
MAIHAR,MAIHAR,राज रंजन तिवारी अति0,7,15.07,6.03,7.16,0.79,5.54,7.91,0.88,2.8,2.15,359,12,371,6,1,0.88,0.0,14.37,14.37,5,42
MAIHAR,MAIHAR,राज रंजन तिवारी,10,19.61,8.62,8.07,0.58,3.59,11.52,0.87,1.89,1.96,126,96,222,6,4,0.87,0.0,14.11,14.11,6,43
MAIHAR,AMARPATAN,सुनील मिश्रा,8,20.4,6.9,8.47,0.77,4.53,11.92,1.19,2.5,2.55,294,0,294,8,0,1.19,0.0,13.93,13.93,5,44
SATNA,MAJHGAWAN,अखिलेश सोनी,2,5.32,1.72,2.23,0.22,4.84,3.09,0.89,7.19,2.66,101,0,101,2,0,0.89,0.0,13.76,13.76,5,45
MAIHAR,AMARPATAN,अनिल पटेल अति0,14,25.28,12.07,9.87,0.25,1.24,15.38,0.0,0.0,1.81,102,0,102,14,0,0.0,0.0,13.31,13.31,6,46
SATNA,MAJHGAWAN,रमाकांत त्रिपाठी अति0,8,17.21,6.9,7.21,0.38,2.65,9.98,1.04,2.6,2.15,171,0,171,8,0,1.04,0.0,12.15,12.15,6,47
SATNA,SATNA,शिवलाल भारती,7,12.5,6.03,5.0,0.45,4.47,7.49,0.41,1.36,1.79,172,0,172,7,0,0.41,0.0,11.87,11.87,6,48
SATNA,MAJHGAWAN,सतीस समेले,9,20.15,7.76,8.71,0.34,1.93,11.42,0.96,2.09,2.24,88,72,160,8,1,0.96,0.0,11.78,11.78,7,49
MAIHAR,MAIHAR,योगेन्द्र सिंह,9,22.48,7.76,9.59,0.28,1.46,12.88,0.92,1.79,2.5,83,28,111,6,3,0.92,0.0,11.01,11.01,7,50
MAIHAR,MAIHAR,सुरेश सिंह,7,15.37,6.03,6.36,0.18,1.44,9.0,1.2,3.35,2.2,62,8,70,5,2,1.2,0.0,10.82,10.82,8,51
SATNA,SATNA,आशुतोष वर्मा,6,11.79,5.17,4.82,0.4,4.16,6.97,0.4,1.45,1.97,154,0,154,6,0,0.4,0.0,10.78,10.78,7,52
MAIHAR,MAIHAR,धनंजय त्रिपाठी,7,12.08,6.03,5.06,0.18,1.74,7.0,0.67,2.38,1.73,96,0,96,7,0,0.67,0.0,10.15,10.15,9,53
SATNA,MAJHGAWAN,देवेन्द्र सिंह,6,14.08,5.17,5.8,0.43,3.69,8.27,0.4,1.21,2.35,176,0,176,6,0,0.4,0.0,10.08,10.08,8,54
SATNA,SATNA,धर्मेन्द्र कोरी,2,4.33,1.72,1.76,0.12,3.48,2.57,0.36,3.53,2.17,60,0,60,2,0,0.36,0.0,8.74,8.74,8,55
SATNA,RAMPUR BAGHELAN,मोतीलाल लढ़िया,7,18.67,6.03,7.97,0.25,1.57,10.69,0.45,1.06,2.67,96,0,96,7,0,0.45,0.0,8.67,8.67,6,56
SATNA,RAMPUR BAGHELAN,रमेश सिंह,9,21.75,7.76,9.38,0.07,0.39,12.36,0.0,0.0,2.42,4,24,28,8,1,0.0,0.0,8.15,8.15,7,57
SATNA,RAMPUR BAGHELAN,प्रमोद शुक्ला,6,16.03,5.17,6.82,0.04,0.28,9.2,0.98,2.67,2.67,53,0,53,6,0,0.98,0.0,8.12,8.12,8,58
MAIHAR,MAIHAR,अभिषेक तिवारी,4,8.51,3.45,3.47,0.04,0.6,5.04,0.1,0.52,2.13,16,0,16,4,0,0.1,0.0,4.57,4.57,10,59
